epoch,discriminator_loss,generator_loss,generator_grad_norm,discriminator_grad_norm
0,-1.2862086296081543,0.6633653044700623,1.4651653028786389,14.07105307287769
1,-1.3753461837768555,0.6985036730766296,2.942343180818204,15.189481471358258
2,-1.3168209791183472,0.6570181250572205,3.85021596185315,14.68869712888764
3,-1.216996431350708,0.62127685546875,4.607511876674754,16.77349947522123
4,-1.1893105506896973,0.5657629370689392,5.085798379770552,19.028668698949613
5,-1.3384076356887817,0.669413685798645,6.279094257603508,22.8817148779881
6,-0.9396848678588867,0.3245275914669037,7.148003012133282,27.540891517812696
7,-1.1882578134536743,0.5807722210884094,7.532194111860185,30.608146260703943
8,-0.9924812316894531,0.5110565423965454,7.836844891607299,34.25894019384854
9,-1.3235281705856323,0.6472980380058289,8.270921648022012,36.616570192214986
10,-0.9797708988189697,0.418567031621933,8.430362073737351,38.684591318979784
11,-1.0246737003326416,0.5100908875465393,9.249438024523254,40.00202201080356
12,-1.2590539455413818,0.646080493927002,8.351687849915676,37.48272120792921
13,-1.285090684890747,0.6295745968818665,9.67961473154832,42.10815085547698
14,-1.1301894187927246,0.575806736946106,9.808257704977821,42.77212457896792
15,-1.0081586837768555,0.5391656160354614,11.196857164756368,46.06639294243373
16,-1.0626816749572754,0.5218400955200195,10.846394020596478,49.162373442999744
17,-1.145777940750122,0.5747060775756836,10.725111696557141,46.80718221823938
18,-1.3314099311828613,0.671437680721283,11.935001178096794,46.74122577487218
19,-1.239058494567871,0.6234409213066101,12.402759270165234,50.20297585337698
20,-1.0277612209320068,0.5168423652648926,14.353830170379181,52.76940663043246
21,-1.0208237171173096,0.5076205134391785,14.771743215950734,54.82955138790191
22,-0.9181721210479736,0.6542077660560608,14.129093818217756,50.4496908636387
23,-1.2278542518615723,0.5917224884033203,15.580547104555738,55.839974420159216
24,-0.7714202404022217,0.08710155636072159,16.037508054930697,55.296249370902544
25,-1.2931495904922485,0.6479752659797668,18.0782460704245,53.56717686007769
26,-1.2543493509292603,0.6077641844749451,15.350132932760587,54.44645220906102
27,-0.8885204792022705,0.417484849691391,18.602018933629775,60.50154056756918
28,-1.040604591369629,0.5742773413658142,18.440989480326223,62.31571753524656
29,-0.9418390393257141,0.36200809478759766,18.59151243100646,53.91805950898565
30,-1.400156021118164,0.7000461220741272,19.504905961089765,57.608689542150344
31,-1.2711780071258545,0.6111465692520142,22.7198582746693,65.36877381214278
32,-1.3112914562225342,0.6576263308525085,24.335732923494177,68.02719142012472
33,-1.2537720203399658,0.6064793467521667,22.057787926273125,61.438994491161814
34,-1.36467707157135,0.6888483762741089,24.94345709554059,67.55409835670025
35,-0.6572953462600708,0.5957832336425781,24.244050647064658,64.09462598596934
36,-0.976220428943634,0.4716258943080902,25.687821127388695,67.58796940502197
37,-0.9698287844657898,0.4062861502170563,28.172870227788138,71.262161897649
38,-1.161842703819275,0.5818083882331848,25.34015542151638,68.6049579519182
39,-0.930619478225708,0.6449515223503113,29.06472086780276,70.66843698634425
40,-1.243761658668518,0.6026896834373474,28.180529590843282,77.46840762783476
41,-1.1759623289108276,0.5944547057151794,30.849087566003007,66.8168718193823
42,-1.2072138786315918,0.5840837955474854,32.245809134110665,76.81450617488768
43,-1.0542547702789307,0.5615768432617188,29.04496893351799,78.72696299404642
44,-1.3419872522354126,0.6786773800849915,31.913361910239185,71.46305789403657
45,-1.3481369018554688,0.6731184124946594,34.55909464760544,76.41890915781822
46,-1.1440962553024292,0.5242006182670593,38.610240824953635,73.58024465366708
47,-0.669796884059906,0.5818597674369812,36.33933171096398,85.10102175706011
48,-0.9678633213043213,0.5265021324157715,38.272620865427896,79.4100766808022
49,-1.042791724205017,0.5596098899841309,40.03941296638754,84.01506703484297
50,-1.0692929029464722,0.4938962161540985,42.284843227194564,86.84340957400478
51,-0.9969797134399414,0.4565162658691406,38.4032111885174,81.81150296030549
52,-0.7390931844711304,0.14973095059394836,44.80838411170732,89.81107334025924
53,-0.7218896150588989,0.4861752688884735,43.42338296243921,85.1303605298685
54,-1.2691724300384521,0.6321327090263367,46.88267554790278,92.10370945377979
55,-0.7743183374404907,0.0685705915093422,46.695789836058196,94.21620469367193
56,-1.2293803691864014,0.6145805716514587,43.59305493879123,90.29394686131857
57,-1.2645881175994873,0.6483917236328125,46.755274208251244,89.78057941357666
58,-1.2061879634857178,0.5773673057556152,48.65277387626341,93.30767745372455
59,-1.2452943325042725,0.630398690700531,50.60213923703734,91.15907944179664
60,-0.7869661450386047,0.3593776524066925,52.21034711096388,94.16817701282432
61,-1.1627298593521118,0.584560215473175,51.87373875564169,94.56710098814398
62,-0.5207122564315796,0.16128885746002197,51.332654782120336,93.82434135706886
63,-1.10825777053833,0.601336658000946,54.48185991822562,100.76669728472031
64,-1.1896793842315674,0.6040249466896057,49.703082066418794,94.4059762968988
65,-0.6729346513748169,0.4144285321235657,55.579840996023,99.68399464086417
66,-1.2754554748535156,0.6505429148674011,55.87817091524333,98.95690537357373
67,-0.4364878237247467,0.42339444160461426,57.69403393241792,99.15584425063939
68,-0.28764358162879944,-0.018984446302056313,53.067030099121475,100.45761995826437
69,-0.7778016924858093,0.5208515524864197,54.06931650582209,100.87428074577498
70,-0.88975989818573,0.07988893985748291,59.995013840334565,101.05939966068375
71,-0.7783805131912231,0.15234701335430145,57.104748830628004,103.01686866451108
72,-0.6794247627258301,0.3126607835292816,56.2736845911563,101.4127888106723
73,-0.8868328928947449,0.4386416971683502,56.057932112800245,100.4606510821786
74,-1.0188367366790771,0.5256578326225281,58.25822005796876,99.83321993489992
75,-0.6585490703582764,-0.1966046541929245,55.883455384762065,100.85720592950733
76,-0.9717322587966919,0.4573429524898529,60.829600406843696,100.5827130886011
77,-1.0032598972320557,0.49084359407424927,50.673076050951785,99.15008250564418
78,-0.8903516530990601,0.15487398207187653,61.939634814520836,103.22404859727114
79,-0.6385110020637512,0.14317573606967926,56.8308923589622,102.00629915359123
80,-0.5764260292053223,0.4379449784755707,62.634738994733134,104.20601240364002
81,-0.9154009819030762,0.3355136513710022,64.06186792377443,102.38317246383096
82,-0.5590282678604126,0.014750775881111622,61.012207839523825,102.9455877459849
83,-1.1203925609588623,0.5799563527107239,60.6640844960081,104.24290242828681
84,-0.42089468240737915,0.49004411697387695,62.50207879267992,104.38342433728542
85,-0.8493440747261047,0.4496077001094818,63.98450232032617,103.71865459913641
86,-0.6450811624526978,0.22119787335395813,64.55371133270509,103.50054440933691
87,-0.675279974937439,0.3653313219547272,62.34335115966433,103.47576046669772
88,-0.7766404151916504,0.3873941898345947,68.10151190596734,104.84714050318547
89,-0.7696203589439392,0.39146289229393005,69.25893571123368,103.80257778204711
90,-0.4337739944458008,0.41030555963516235,70.40936152697745,105.70334946034595
91,-0.9531713724136353,0.43917685747146606,64.76521059247295,101.21267040495161
92,-0.553814172744751,0.18902049958705902,63.437360613821234,102.60563844462511
93,-0.6579509973526001,0.30943572521209717,66.40696447771067,103.0623007894022
94,-0.5786041617393494,0.5395495295524597,62.19970794714437,105.24481135926499
95,-0.4543222486972809,0.004676524084061384,68.81650559941158,101.14533121088978
96,-0.9221488237380981,0.4458576738834381,76.85456287114425,105.3865752167538
97,-0.707893967628479,0.5968835353851318,63.76927360577614,104.5956033211574
98,-0.5250290036201477,0.43865901231765747,67.448773679008,102.93820765082378
99,-0.4914178252220154,0.4734010696411133,76.29934613886876,105.26591213987909
100,-0.5430116057395935,-0.06234414502978325,70.8767044797706,105.61230781094282
101,-0.8736710548400879,0.3782661557197571,59.49878950587327,98.53321307450176
102,-0.6283341646194458,0.45799770951271057,65.92338107280955,104.07456096817107
103,-0.5056229829788208,0.3976384699344635,63.46418116416914,101.9747425135878
104,-0.49875956773757935,0.20070861279964447,71.16646122611533,102.1518411461251
105,-0.8471720218658447,0.4867691993713379,73.49073536138832,102.65466437774205
106,-0.41169390082359314,0.35053738951683044,65.08410074945368,100.1207842353489
107,-0.45823153853416443,0.2269275039434433,74.3118426055851,105.16398092303464
108,-0.6550447940826416,0.41678354144096375,66.48433543906899,99.01348840093982
109,-0.7002084255218506,0.37807726860046387,70.14998073600844,101.23963491805918
110,-0.6970140933990479,0.4017027020454407,73.06775211123575,102.0073111505263
111,-0.6204342246055603,-0.10709328949451447,67.91258968077555,102.89633579991255
112,-0.4405216574668884,0.2782704532146454,70.24624136387385,100.43758668604417
113,-0.8677029609680176,0.45792555809020996,73.72688946759034,100.91990204207974
114,-0.4995369613170624,0.23889870941638947,72.12912374830925,101.59388272609326
115,-0.7558509111404419,0.4826858937740326,58.53225684104523,95.51808866060102
116,-0.33993005752563477,0.4652066230773926,72.73104164820234,102.88291071252787
117,-0.6145964860916138,0.3134114742279053,74.25777085960274,101.70891689879309
118,-0.4849764108657837,0.4723791778087616,67.56057411453132,96.22484492193718
119,-0.45114439725875854,-0.05956774950027466,70.78731835773337,99.76054040153272
120,-0.8597058057785034,0.48989638686180115,69.662049665985,98.21789761369291
121,-0.4863813519477844,0.036966871470212936,71.0058962229788,100.33756371312724
122,-0.4707760214805603,-0.04097488522529602,69.6973940944366,99.35018344545864
123,-0.6766124963760376,0.5129656195640564,72.6629362182791,100.71037001843904
124,-0.8086790442466736,0.3939547836780548,71.80370915125121,96.64105792641533
125,-0.5644376277923584,0.13403461873531342,75.50169306409224,96.99156945590455
126,-0.38099396228790283,-0.1762264221906662,67.98357238750081,97.71298795608749
127,-0.39696934819221497,0.08364631980657578,65.00631470967299,95.06069594834021
128,-0.44188085198402405,0.07250159233808517,68.14561806537372,95.27254575779813
129,-0.6825947761535645,0.3384239375591278,66.98973298007779,95.93620832341944
130,-0.7351977825164795,0.40660974383354187,64.93448339807242,95.03954671668347
131,-0.5527453422546387,0.5758258700370789,67.07948891919669,96.11705900101825
132,-0.3977605402469635,0.11261589825153351,61.04948579515677,92.71333596692304
133,-0.3501778841018677,-0.17667342722415924,72.42583342934286,94.83819260528307
134,-0.6938847303390503,0.32477784156799316,69.93731558958409,95.15634991106303
135,-0.46934807300567627,0.12527301907539368,66.6024291367242,93.57961187636866
136,-0.512015163898468,0.08909483253955841,71.5598404989023,97.02918760689701
137,-0.7374777793884277,0.29160580039024353,71.2132286524798,93.82463689701936
138,-0.8373053669929504,0.5062376856803894,63.01348451883292,93.01353837045194
139,-0.5396608710289001,0.39954495429992676,75.4292222552423,95.66603685579611
140,-0.5781528353691101,0.22084267437458038,74.11884294677256,93.76112767494223
141,-0.5917354822158813,0.35868263244628906,66.70967419088907,89.48859596852954
142,-0.4474447965621948,0.41218748688697815,62.61556452877322,91.0469245494614
143,-0.47099769115448,0.23028452694416046,76.18387797837612,97.13522544149563
144,-0.4980432093143463,0.5160929560661316,66.2117467144082,91.17112670409863
145,-0.6472695469856262,0.03229111060500145,70.2792742493207,90.31273163380924
146,-0.1735192835330963,0.3057801425457001,71.75198050598549,92.37666045604134
147,-0.4883197546005249,0.2718982696533203,68.25104807039325,91.44923298832505
148,-0.6853481531143188,0.314995676279068,65.08164353196176,88.49092970253044
149,-0.6544499397277832,0.34037476778030396,71.42311766600164,92.2965649379704
150,-0.3555426001548767,0.039680298417806625,64.05727454914523,86.44442876711929
151,-0.4749593138694763,0.3136270046234131,72.90321308748412,92.6713593046112
152,-0.23656758666038513,-0.08525025099515915,66.21433164266259,88.18143313189803
153,-0.6963299512863159,0.16467322409152985,69.79130751201248,90.56662237198158
154,-0.23003162443637848,-0.18373797833919525,66.29391542164066,89.86045472302763
155,-0.591081976890564,0.07767746597528458,70.42497401664657,89.54986091996454
156,-0.4907642602920532,0.034408338367938995,68.18923391160374,89.36374277956712
157,-0.3665701150894165,0.12687066197395325,69.54194372367742,92.1169493666368
158,-0.30486273765563965,0.45559191703796387,64.36449396448377,88.30242852281077
159,-0.756111204624176,0.33874693512916565,61.4820251906626,83.60966281531404
160,-0.21416793763637543,-0.051698166877031326,68.06070926361427,88.32389605564255
161,-0.41816818714141846,0.018990883603692055,63.824005761384484,87.28866782072515
162,-0.48871245980262756,0.06426297128200531,68.73325670732399,87.85495743035058
163,-0.2865667939186096,0.004137526731938124,70.8746823714776,89.38401490953123
164,-0.3762543797492981,0.44810158014297485,66.85145357013644,86.14115657812823
165,-0.390491247177124,0.056551363319158554,63.78348878385827,85.00479251531705
166,-0.19177627563476562,-0.08169535547494888,66.15035412727006,87.48942824286847
167,-0.551432192325592,0.20369760692119598,67.2899144924024,86.98166964896161
168,-0.3074534833431244,-0.05134755000472069,65.20250015624136,86.89490423710107
169,-0.36494630575180054,0.16990628838539124,68.23697169350261,85.85644497316032
170,-0.31780341267585754,-0.06432264298200607,60.66652782841226,83.6528195336957
171,-0.27014392614364624,0.48738500475883484,61.72755097904248,84.24289313441668
172,-0.39789578318595886,0.3503323197364807,64.31796688843632,86.4256432377397
173,-0.2305413782596588,0.2511199414730072,56.791848011435285,79.59212985267142
174,-0.36637747287750244,0.030270254239439964,73.27716056240996,87.78947467744369
175,-0.2862666845321655,-0.043245524168014526,56.61569535324843,78.79426029625435
176,-0.6461642384529114,-0.4144543707370758,63.509614651756976,86.65811426485266
177,-0.24176880717277527,0.019166994839906693,58.75033687290098,84.6506944604449
178,-0.3448650538921356,-0.05728548392653465,59.305207027647825,81.42746064251627
179,-0.39213132858276367,-0.12152332067489624,65.86163811943898,87.27380378495437
180,-0.429774671792984,0.14762012660503387,60.08957582637146,81.58844734149022
181,-0.38026124238967896,0.10335707664489746,63.37463267302229,84.25584095113011
182,-0.3690085709095001,0.139932319521904,59.873497682985004,83.19392629802138
183,-0.4679282605648041,-0.021315807476639748,59.325898403309836,80.49343619580011
184,-0.41051387786865234,0.41842326521873474,65.95229673368927,88.88326103985129
185,-0.249947190284729,0.21465860307216644,65.30648570273654,85.11985278903826
186,-0.4361986815929413,0.04393600672483444,64.27120370279339,82.4146989523862
187,-0.2696840167045593,0.06549135595560074,60.16410061139141,82.8507591076528
188,-0.5418559312820435,0.5566127896308899,60.52010677882582,84.0939674411638
189,-0.6786138415336609,0.44862720370292664,58.21913809623301,79.00191249878178
190,-0.40034863352775574,0.5015031695365906,59.69556341522388,83.02399965253214
191,-0.46303635835647583,0.0914936289191246,62.55891554160462,82.06065312529553
192,-0.69538414478302,0.3288898169994354,64.5200113286482,84.1583644299961
193,-0.3295106589794159,0.24233245849609375,62.412705008413774,85.38108540141582
194,-0.3633415400981903,0.4256207048892975,65.21323434483163,85.06744080563631
195,-0.7025225758552551,0.35814276337623596,66.60447892723482,86.62348373685865
196,-0.2490413784980774,0.07970140129327774,60.02984610544115,82.99426965025816
197,-0.42958423495292664,0.4404268264770508,60.58870115683267,83.1048381917998
198,-0.2804676592350006,0.3962371051311493,55.60160634450249,80.38060385460636
199,-0.661912202835083,0.45835229754447937,56.01400984540684,85.69448306782932
200,-0.6687910556793213,-0.006677769124507904,62.76660150838978,84.57627547845502
201,-0.39027684926986694,-0.014235831797122955,64.51001910307127,84.15696991186262
202,-0.3957344591617584,0.09469766914844513,54.95865237820696,83.1789665671951
203,-0.42601269483566284,0.19504661858081818,61.70317910010478,84.6286593184115
204,-0.6009429693222046,0.20717830955982208,58.63319663254257,80.1536157203666
205,-0.45537012815475464,-0.04065614566206932,54.54896639164521,82.34573466870499
206,-0.4227367043495178,-0.3968207538127899,60.592946314527694,82.82612736977698
207,-0.24009065330028534,-0.09612154215574265,63.806958737666136,84.12947903713616
208,-0.7219635844230652,0.5230829119682312,58.05309082598648,81.49700226300652
209,-0.2325727343559265,0.07045526802539825,61.192369941136825,83.69243768830091
210,-0.3106471300125122,0.573490560054779,59.21321903531182,81.37648891948119
211,-0.39123719930648804,-0.002870845841243863,59.785307896089904,82.52846137014973
212,-0.5039233565330505,0.1382071077823639,58.901690463200275,85.44168205472826
213,-0.6961448192596436,0.39144811034202576,59.559778760880576,82.30170673463411
214,-0.398610919713974,0.2834131419658661,61.22719125777091,85.13388530346295
215,-0.1040092408657074,0.44833382964134216,60.84758926171093,83.90368891394344
216,-0.5895326733589172,0.12538430094718933,56.41921138212866,84.56535321806459
217,-0.26946553587913513,0.03103008307516575,59.18422814781898,87.65113394481492
218,-0.406879723072052,0.3991921842098236,65.51337430565874,89.07374812469592
219,-0.24604108929634094,0.3496024012565613,52.92939363745374,80.40332268707799
220,-0.4638431668281555,0.46462732553482056,61.95073749917889,86.24432493279437
221,-0.2833825349807739,0.33360302448272705,63.42328818799082,85.09124191541571
222,-0.28444400429725647,0.037543658167123795,64.13647296047796,86.82884775909416
223,-0.32732269167900085,-0.11011488735675812,62.01522372739316,83.75217640794315
224,-0.34573686122894287,-0.06365332752466202,59.11803039413225,84.68161551959822
225,-0.5859634876251221,0.3278621435165405,52.189805841955625,83.79366528177735
226,-0.7025645971298218,0.0037277608644217253,59.333792371402524,88.60284914042275
227,-0.7596272230148315,0.35797569155693054,60.89076995576569,86.74079105675058
228,-0.588130533695221,0.46977123618125916,59.37534063281743,88.40992837425753
229,-0.44593459367752075,0.3273089826107025,68.94254565940565,90.42211452347784
230,-0.5544010400772095,0.028793741017580032,62.888725790342676,88.65765744938571
231,-0.3628108501434326,0.2187667191028595,69.03081823898506,95.2840312825561
232,-0.15868714451789856,-0.1697123795747757,63.50711365999244,86.56239633416446
233,-0.5038436651229858,0.015552264638245106,66.47109201680681,90.47484801550407
234,-0.3672717809677124,0.37444210052490234,68.59458279339471,89.84641691052998
235,-0.3877986967563629,0.35768502950668335,63.47351406808532,89.1709464590155
236,-0.5507552623748779,0.36807981133461,57.12795142047384,81.52582801775739
237,-0.4589383006095886,0.25486063957214355,60.098390867751085,84.27820125817837
238,-0.38506919145584106,-0.10590068250894547,68.62730683600714,90.76046845428343
239,-0.3694584369659424,0.20437867939472198,62.09320853788579,84.75870370361062
240,-0.389221727848053,0.05255063995718956,66.76726456635771,85.86086143219818
241,-0.33401113748550415,0.2598235011100769,61.38358485689806,85.34250458750387
242,-0.3861519694328308,0.3927801549434662,58.96796530924372,82.95995091074585
243,-0.49810200929641724,0.2525874078273773,54.553390107988385,80.16171421560804
244,-0.4858965277671814,0.38880378007888794,63.35399328093338,85.40169816234604
245,-0.507144033908844,0.28989511728286743,63.960893837698066,86.8316591840505
246,-0.3681054413318634,0.47337865829467773,60.352499478153184,80.8663170131827
247,-0.25293970108032227,0.41987156867980957,56.32141541951856,81.65739235505735
248,-0.3578226566314697,0.5156917572021484,55.30839663287168,79.49450858552353
249,-0.25535422563552856,-0.08944560587406158,55.51382216312751,80.04267054258747
250,-0.28311657905578613,-0.4324025809764862,64.8294694760685,84.42412706487528
251,-0.19924530386924744,-0.016600748524069786,56.30243735116617,80.29728056390026
252,-0.2887559235095978,0.31299322843551636,59.00754290752071,81.5991188528126
253,-0.33058956265449524,0.35086414217948914,48.90701441971127,75.4444942604174
254,-0.6047601103782654,0.2914426922798157,53.88179361075885,79.96719674613425
255,-0.32648855447769165,0.5273880362510681,59.18836577734139,79.82620311737605
256,-0.13600033521652222,0.024634594097733498,54.37266047917864,75.62418976209105
257,-0.29654768109321594,0.43005964159965515,55.503442429803776,77.70496724824201
258,-0.26681026816368103,0.07067617028951645,52.5748127756004,74.89540075745917
259,-0.29303979873657227,0.04279416427016258,56.96149276748307,77.85498340693263
260,-0.27465784549713135,-0.08751586079597473,51.54493743320541,74.82250049131846
261,-0.2969248294830322,0.16804908215999603,52.27323748076666,75.55473005418898
262,-0.40045061707496643,0.05587240681052208,52.825984238794355,75.86803915886603
263,-0.24558784067630768,0.26583632826805115,50.63071383061548,74.15585327052669
264,-0.40335074067115784,0.4081934094429016,55.36674308311237,80.17932298107303
265,-0.4016658365726471,0.4705080986022949,48.82234308542721,73.40581213659424
266,-0.5587541460990906,0.22572112083435059,54.744786761049575,76.60154159819258
267,-0.43741244077682495,0.16700124740600586,44.168145579146504,70.94620912822359
268,-0.4007275700569153,0.30939847230911255,51.29151834143972,78.37490651251812
269,-0.2269914299249649,0.29005029797554016,49.744330580034884,75.26757653833995
270,-0.43459850549697876,-0.1700986623764038,53.98526282789931,74.6975307942891
271,-0.6419869065284729,0.1697147786617279,47.11020699682254,70.64817632687304
272,-0.3486710488796234,0.5098606944084167,50.200546311316224,76.22259955910872
273,-0.3934606611728668,0.23258207738399506,42.19053272162571,69.59777696025195
274,-0.4421871304512024,0.2566673457622528,50.99823599778945,77.67646655633455
275,-0.16941428184509277,-0.10619945824146271,53.939084727369234,77.65484674101225
276,-0.3002030849456787,-0.044342730194330215,40.6072456726041,66.68457567724845
277,-0.3421125113964081,0.3254813849925995,45.640183375324256,72.39632101100078
278,-0.37207865715026855,0.039077818393707275,48.75698744343075,74.99845411716248
279,-0.3039442300796509,0.0033557401038706303,44.653466694730874,71.31029975753594
280,-0.38079601526260376,-0.1257794201374054,46.70105234994928,70.39817651274141
281,-0.3092113137245178,-0.22203055024147034,47.960238343129,71.62683935038382
282,-0.3586944341659546,0.5412610769271851,46.72193851605977,70.33737582254257
283,-0.4024239778518677,0.16648736596107483,46.84120738040095,70.15451088938953
284,-0.2903938889503479,0.32778120040893555,49.14166513578317,71.44040210345516
285,-0.37649720907211304,0.14793293178081512,42.657865743171385,66.14179875535392
286,-0.28534021973609924,0.09895292669534683,44.02272295536407,72.92933514927977
287,-0.305614709854126,0.3623272776603699,49.21031533497585,75.13629160518104
288,-0.26044243574142456,0.05486680939793587,44.638592813065806,71.90033469115748
289,-0.344063937664032,0.162034273147583,42.9488000437733,72.48699838419621
290,-0.30786648392677307,0.39074793457984924,43.07296993776118,69.7415168927728
291,-0.34514492750167847,0.13263194262981415,46.51466457202449,72.74223927744161
292,-0.2698298990726471,0.08365808427333832,45.63976696504699,68.27448813635887
293,-0.24795356392860413,0.49191609025001526,49.280712574903156,71.84195578859917
294,-0.25654205679893494,-0.26958832144737244,39.04976240410707,65.67247934872468
295,-0.28010860085487366,-0.10893648117780685,47.301879812887194,74.0847741799736
296,-0.35978835821151733,0.370223730802536,45.52672486866803,70.37314098813657
297,-0.43922823667526245,0.44323015213012695,42.47999431799141,68.83791549079021
298,-0.4143410623073578,0.4596446454524994,45.82292618440563,70.53835034468509
299,-0.4910600483417511,0.0076263039372861385,44.8620739550427,69.68085138003734
300,-0.2649245858192444,-0.13080543279647827,40.9021828920766,67.28686132394512
301,-0.1975170224905014,0.10326801985502243,42.912743483776076,67.6576705941536
302,-0.07668381929397583,0.5014954209327698,42.04887967534502,67.26456325390193
303,-0.27614688873291016,0.4390634596347809,40.97476954864002,67.55371062240037
304,-0.15664124488830566,0.09785579890012741,43.518656576587,68.95695819821071
305,-0.3336641192436218,0.05562932416796684,43.74065770584656,67.73094321259346
306,-0.35622963309288025,0.2761036157608032,41.13985418513427,69.66727122470843
307,-0.35699737071990967,0.3337820768356323,40.92462504585662,66.42021230395325
308,-0.21920230984687805,-0.22903800010681152,42.9621044965815,67.64019407296162
309,-0.19260552525520325,0.3375188410282135,46.347760966608135,71.663323909939
310,-0.4333120584487915,0.36518555879592896,40.09256880461856,65.01424278769382
311,-0.4395666718482971,0.16518636047840118,42.273386900553234,68.42366476465389
312,-0.2682221233844757,-0.1380515843629837,41.05748000866271,65.57026186713733
313,-0.43453073501586914,0.39516276121139526,44.27014052233686,70.78832056250717
314,-0.3133067488670349,0.044506724923849106,38.070912686877236,64.38395740415463
315,-0.33607059717178345,0.29589036107063293,44.684878298266085,68.02139008477427
316,-0.24230921268463135,0.473386287689209,39.87991840824916,67.63943583420564
317,-0.34287235140800476,-0.14028219878673553,39.97659094918955,68.56535500061416
318,-0.33717188239097595,0.4636850953102112,35.25046202420407,60.393879231645435
319,-0.2355019599199295,0.19982635974884033,40.24396600471218,67.42186863770226
320,-0.4230349659919739,0.4529370367527008,42.432458816824486,68.82754123053616
321,-0.42927080392837524,0.2566624581813812,46.418118734786916,70.52577538626662
322,-0.043600112199783325,0.3694470524787903,37.348964765399685,62.42915100085972
323,-0.28253987431526184,0.41530361771583557,40.41350399835637,62.8125553244232
324,-0.22791361808776855,-0.16843080520629883,42.20272391670666,66.3789575470717
325,-0.5572891235351562,0.1475159376859665,39.98885525256585,63.58328114219088
326,-0.2958993911743164,0.44700583815574646,41.175257922660606,64.69545288152327
327,-0.28132328391075134,0.3656598627567291,43.93100654862603,67.37103910192266
328,-0.48643508553504944,0.19890792667865753,39.1875353812336,62.77409763565891
329,-0.13119888305664062,0.11235501617193222,38.910967442922185,62.16302863083047
330,-0.23302501440048218,0.4305228292942047,39.78175296709547,64.68772302859738
331,-0.3017684817314148,-0.06700430810451508,36.786846202995676,61.6023058246135
332,-0.32836461067199707,0.19201254844665527,42.0369272220795,65.49451064705596
333,-0.16184568405151367,0.14035259187221527,40.77822559745878,62.984400763720686
334,-0.46922165155410767,0.4529403746128082,41.706596098644866,62.88240748352667
335,-0.4426778256893158,0.5100376009941101,39.77268886464424,62.026756362527884
336,-0.3382274806499481,-0.05675352364778519,37.08937661719852,59.62113316453929
337,-0.24902677536010742,0.3685450851917267,37.07136890201958,61.736375626329824
338,-0.27584993839263916,0.3814910054206848,33.2355810573842,59.03339551085994
339,-0.35773396492004395,0.28261515498161316,39.57044311477258,63.332069033412594
340,-0.31458020210266113,0.14990763366222382,40.32459588999412,63.78713173605834
341,-0.3879272937774658,0.27204233407974243,34.77678174463716,59.87634982580457
342,-0.258341908454895,0.04870135709643364,37.61112124914187,62.11902909969749
343,-0.5066028833389282,0.047738056629896164,41.94374902827661,60.83378838761041
344,-0.3176022469997406,-0.07058754563331604,36.60482524528493,58.99504546012368
345,-0.2713249921798706,-0.0018317539943382144,37.60851352339753,59.85507538358184
346,-0.8508457541465759,-0.16854993999004364,37.80303858047377,59.699140220947044
347,-0.10379588603973389,0.3830404579639435,37.43591342385029,58.94587822381384
348,-0.27464696764945984,0.444072961807251,36.8764257751794,59.045891362627216
349,-0.3128560185432434,0.1838325560092926,33.692641066271484,57.15349392897086
350,-0.12455791234970093,0.3177888095378876,39.12062647616999,61.679999257215194
351,-0.34265556931495667,-0.15743719041347504,36.83183314958564,60.68363257560459
352,-0.19047114253044128,0.1510932445526123,42.479323274644806,61.45103167015256
353,-0.1364399790763855,0.11632662266492844,35.873607680977905,57.69094645722215
354,-0.07742321491241455,0.42684265971183777,39.01777236398228,61.75900436327773
355,-0.29101625084877014,-0.26679444313049316,34.60888529308255,55.5164768929676
356,-0.16847172379493713,-0.03504679724574089,37.85898576919434,59.389147549115904
357,-0.3123123049736023,0.13961945474147797,32.77358991893246,55.87883959323256
358,-0.1512889564037323,0.05983147770166397,32.760416401602676,55.04087788205642
359,-0.07990536093711853,0.4706696569919586,36.776163653989194,55.60913688224901
360,-0.12026184797286987,0.01675071194767952,35.99445607465513,56.614318150869416
361,-0.26603320240974426,-0.22437170147895813,34.117163899914075,53.730854244073015
362,-0.26939353346824646,0.34215685725212097,38.85901606700025,58.63124991889679
363,-0.4755140542984009,0.5616692900657654,34.91795579175771,53.18433242995416
364,-0.43239498138427734,0.48491522669792175,32.620529474990164,54.61468211319926
365,-0.6021544933319092,-0.07390152662992477,31.800961943017292,51.64595722868678
366,-0.4552723467350006,0.044796790927648544,39.42044266592704,56.45276806640055
367,-0.3866756558418274,0.11749978363513947,31.840966402246913,51.836789010273506
368,-0.4447094798088074,0.2486305981874466,34.48390951263992,53.3906152348857
369,-0.33175942301750183,0.16288894414901733,35.94174951993766,57.00807287028521
370,-0.2574603259563446,0.20679600536823273,31.612486773508756,52.16680551764571
371,-0.3394275903701782,0.46184179186820984,30.50940702999715,52.61556629023366
372,-0.25657206773757935,0.5443516969680786,34.89306113608608,54.60425701059626
373,-0.49610137939453125,0.09731411933898926,34.246383308908264,53.59245836508459
374,-0.27255719900131226,-0.27556583285331726,37.8715888610579,57.45499282549484
375,-0.19063213467597961,-0.32600975036621094,28.961725065693763,49.68318654567254
376,-0.25170427560806274,0.42038774490356445,33.247072491450936,53.21574407475194
377,-0.25320494174957275,0.3979088366031647,29.68220061774312,50.24583263748435
378,-0.3427236080169678,0.38215920329093933,34.50379555227133,54.03596229946967
379,-0.33016058802604675,0.052806075662374496,34.18243676137251,52.31387042241782
380,-0.32276129722595215,0.08547241985797882,35.37176760979608,51.4990268169975
381,-0.18974213302135468,0.14085815846920013,32.82694578761214,51.70125780325598
382,-0.4020169973373413,-0.11715429276227951,35.07653337909672,51.846807837001215
383,-0.33627092838287354,0.02757946215569973,33.798250496396335,52.03357971239829
384,-0.3953993320465088,0.3523348271846771,32.865767927020585,51.717199282884394
385,-0.3635597229003906,0.06573101133108139,30.58575276383497,50.10545452702069
386,-0.43656617403030396,0.13058505952358246,35.13766936322872,51.32978559200152
387,-0.34025952219963074,0.5855844020843506,31.142424224904385,48.71450522556579
388,-0.3192206025123596,-0.05692839249968529,29.860914441483953,47.831923426118045
389,-0.46525317430496216,0.06244521960616112,32.05532795471821,49.61426705757212
390,-0.2490282654762268,0.29327860474586487,33.92844657179966,49.402107943387
391,-0.279762864112854,0.343061625957489,31.539167662251764,48.7006858281353
392,-0.7560365796089172,-0.16053199768066406,30.3709090396483,47.346537692947194
393,-0.48984295129776,0.13540421426296234,30.99065033797014,49.895241244996946
394,-0.3288634419441223,-0.2702595889568329,31.047136287310163,47.86965745690778
395,-0.29059478640556335,0.05123978853225708,31.741597962486626,47.78114889170164
396,-0.3259694278240204,0.14661894738674164,30.66541122420084,46.42143601035833
397,-0.2130155712366104,-0.16134536266326904,29.98888383739549,47.222950882445495
398,-0.24366457760334015,0.310171514749527,30.61314985357417,46.77166770463061
399,-0.4634745419025421,0.3633290231227875,28.378334522069146,45.56238259070481
400,-0.40792542695999146,0.027948429808020592,30.264694518299468,47.64355761004031
401,-0.3050840198993683,0.42306414246559143,30.59615965123844,48.617185771223824
402,-0.30137085914611816,0.4935102164745331,28.32257065195513,46.27647291475296
403,-0.31214261054992676,0.38812580704689026,27.76878172415537,43.99710733307624
404,-0.4935286045074463,0.3508389890193939,31.481536492959354,47.57673039753468
405,-0.331013560295105,-0.2574097216129303,27.542636389282645,44.24521280241973
406,-0.2367597222328186,-0.13248465955257416,28.690874132841437,45.25700655146083
407,-0.20518165826797485,-0.05070852115750313,27.72140184488071,44.33148058761113
408,-0.17259103059768677,-0.05221971869468689,31.227776022161127,46.100339096422665
409,-0.2632308900356293,0.36225277185440063,30.98466636206787,47.0866655125349
410,-0.2524389624595642,0.41141143441200256,27.161708743221368,42.52257910115035
411,-0.2643577754497528,-0.009187099523842335,29.183027994520085,45.77785168869254
412,-0.11685433983802795,0.04738069698214531,29.289039967136823,45.30931753977753
413,-0.4111785888671875,0.5494812726974487,27.872210116408112,45.75106767562087
414,-0.3869781196117401,-0.21698859333992004,32.372478573423926,48.183503361392575
415,-0.2317984700202942,0.3044217824935913,28.993744795510004,44.85112784676903
416,-0.24649880826473236,0.3401988446712494,25.481724271994654,40.89429774341584
417,-0.35465285181999207,-0.06999609619379044,29.11530188589715,44.855755408667186
418,-0.38392773270606995,0.3993842303752899,21.458847239349765,36.66451572541224
419,-0.22135403752326965,-0.030453789979219437,28.146089104984323,44.09611188669431
420,-0.2733408212661743,0.3304734528064728,27.63243125331804,43.94236633216397
421,-0.1362210512161255,0.34406426548957825,26.692558096723996,44.49885121218746
422,-0.22566473484039307,-0.17060910165309906,25.969323391036085,41.95493826931861
423,-0.34376761317253113,0.3407159447669983,29.855504919220195,44.65057861535893
424,-0.39486125111579895,-0.18760059773921967,25.347695991013534,40.5798516831315
425,-0.3124520778656006,0.04364822432398796,31.495098772005154,45.2073665060065
426,-0.2580810487270355,0.2788831293582916,24.44449747398105,39.67298633874686
427,-0.19499315321445465,0.37269869446754456,31.174564074827323,44.876792456624464
428,-0.31071269512176514,0.3860929608345032,25.37053907390503,40.72399647785179
429,-0.2936878800392151,-0.19923035800457,24.908542228285853,41.68276614077121
430,-0.48276829719543457,0.2600366771221161,26.118098862636554,41.99244147548764
431,-0.2638707160949707,0.17888504266738892,26.995937198068006,43.36013795123945
432,-0.4009004831314087,0.062289126217365265,24.292180774716208,40.07853636693511
433,-0.2967859208583832,0.2662973403930664,26.541989678096808,43.98777461391934
434,-0.4091920256614685,0.4612371623516083,27.649522391568794,41.75210779596381
435,-0.3314429223537445,0.14968565106391907,25.69299782438307,41.60106834174636
436,-0.2720414400100708,0.5150795578956604,27.860816524412694,43.21247891072635
437,-0.25661730766296387,-0.20117191970348358,24.454792029490182,40.40272139941941
438,-0.17578138411045074,-0.02001565881073475,24.96962102186333,42.55845699196014
439,-0.17433229088783264,-0.2642242908477783,26.213900091711377,41.6631643825615
440,-0.25262415409088135,0.48010769486427307,28.23464071258491,43.29942056945621
441,-0.11837238073348999,0.1303848922252655,23.347185423692245,39.496116741512765
442,-0.42923665046691895,-0.21028292179107666,25.291113749679983,41.648756616265466
443,-0.44446003437042236,0.346849650144577,22.565870913770713,39.13018620296013
444,-0.24162426590919495,0.36896440386772156,26.197458391345393,41.18587285669805
445,-0.6027631759643555,0.3617178499698639,27.24348364348979,42.722092858114316
446,-0.2423538863658905,0.04716385528445244,23.95045220609762,39.710367765593546
447,-0.4764549732208252,0.41180419921875,27.553475159408727,42.48250522169079
448,-0.31029990315437317,-0.008174325339496136,26.0915904704168,40.8147503002765
449,-0.2671282887458801,0.3428364396095276,26.644418817831667,40.44418450188491
450,-0.13864070177078247,-0.2649760842323303,26.231528257853494,41.101025443773096
451,-0.37542295455932617,0.40728482604026794,23.809743191413503,39.962269940059656
452,-0.3986682593822479,0.41400647163391113,23.293488939477783,39.064560144065425
453,-0.07531574368476868,0.3552965819835663,23.47510519531372,38.74946551103409
454,-0.20861180126667023,0.2228436917066574,28.097627150202573,42.39672373582001
455,-0.19485002756118774,0.26668781042099,23.79391055834697,39.381820679581736
456,-0.3271210789680481,0.5945786833763123,24.365797970750037,38.90028049195959
457,-0.2296522557735443,0.2626267075538635,23.885752826321745,38.37574030531609
458,-0.1743372082710266,0.3384886384010315,25.07411194156527,40.38552967198837
459,-0.207393616437912,0.2503029406070709,24.12145954245005,39.211397251319305
460,-0.285584419965744,0.192970871925354,23.542792638996172,38.06620518982542
461,-0.2934538722038269,0.5492575764656067,22.90171467138974,39.74135690331489
462,-0.3860245943069458,-0.16765961050987244,27.47317315329751,42.477689732876456
463,-0.17042851448059082,0.2855297923088074,23.028962662304746,37.57087415695869
464,-0.21699950098991394,0.08844668418169022,22.51406775432059,37.663938782481836
465,-0.2581910490989685,0.061103951185941696,25.40808763575932,40.13990409331849
466,-0.23305322229862213,0.38415393233299255,21.080707488336554,35.862358832291214
467,-0.2721495032310486,0.2772711217403412,23.979361061977077,38.954451209638485
468,-0.3340749740600586,0.20606966316699982,24.256886033501054,38.700922321046306
469,-0.2119143009185791,-0.1071065217256546,19.672516622405734,34.914896216091925
470,-0.29863137006759644,0.47563648223876953,20.431128546912966,36.92537739607485
471,-0.30946749448776245,0.167416051030159,26.176858575171064,40.796832641119366
472,-0.42170313000679016,0.0335368774831295,20.928686752046314,35.8024754648844
473,-0.3218235969543457,-0.07462677359580994,22.7481632474166,37.1112396555111
474,-0.2436244934797287,-0.24267259240150452,24.368499001008768,38.46391245983133
475,-0.1531117856502533,0.15798501670360565,18.194870975978294,30.972929453894043
476,-0.4980276823043823,-0.027852920815348625,22.93279053775497,37.67532180512525
477,-0.23261702060699463,-0.16117385029792786,19.516141713198493,35.495322477792755
478,-0.2190099060535431,-0.09001278877258301,25.434903249558612,39.57465238096636
479,-0.2924079895019531,-0.03228893503546715,21.94559972890881,36.52159596099576
480,-0.2906557321548462,0.05513143166899681,19.504366843205915,34.980668796555925
481,-0.1848451942205429,0.3358922600746155,23.22881945515577,37.31183348512227
482,-0.5619433522224426,-0.010333340615034103,25.0889440168725,38.174556282165646
483,-0.22874192893505096,0.1399529129266739,18.960853830241494,33.59914403748855
484,-0.20972827076911926,-0.298721045255661,20.16827011635982,35.30018011376645
485,-0.18841323256492615,0.1106640100479126,20.86911775195849,35.368988314840045
486,-0.3592677116394043,-0.19174844026565552,23.90956659199811,37.84279935137336
487,-0.32495924830436707,0.12419700622558594,20.749729743806284,34.77966621243232
488,-0.3111870586872101,-0.15475398302078247,19.49771338643976,33.465702355881426
489,-0.19657449424266815,0.4518885612487793,20.117656671341376,35.86838735126922
490,-0.21464787423610687,0.4765911102294922,19.80811313359448,33.19269975176246
491,-0.29675477743148804,0.39639395475387573,20.674114497930884,34.32097872244873
492,-0.2044188678264618,0.2717035710811615,18.77996617442743,33.54355989746731
493,-0.36441177129745483,-0.16109374165534973,17.543741657389635,32.90960415379557
494,-0.1717553585767746,-0.3201734721660614,22.90634835429607,36.10663141255854
495,-0.272087961435318,0.1574874371290207,19.510988848923592,33.737224016300516
496,-0.22302056849002838,0.011435657739639282,20.847914119453797,36.09946457152582
497,-0.4069487452507019,-0.14656062424182892,20.123799276401446,34.23918513293914
498,-0.39928513765335083,0.15238916873931885,20.443064069584306,34.06253350188837
499,-0.3147943317890167,0.4260828197002411,21.40921059561644,35.973127062702154
500,-0.22803738713264465,-0.11467857658863068,22.541434201690357,36.8008978275749
501,-0.19034920632839203,0.2215009480714798,21.45741316801644,35.659149150726876
502,-0.2756773829460144,-0.09796841442584991,21.97620827272639,33.765565739211155
503,-0.3369632363319397,0.3943355977535248,15.065654545352384,31.04682722118387
504,-0.28727248311042786,0.5190678834915161,20.818273870732483,35.25631975744781
505,-0.25554972887039185,0.326555073261261,20.601403744581653,33.31588772085504
506,-0.2626054584980011,0.2559613287448883,19.421648249800448,32.5785323151594
507,-0.46835410594940186,0.10617947578430176,21.78510205654229,34.14657100626742
508,-0.18418967723846436,0.3890678584575653,16.867260706767823,30.767256737929
509,-0.44170767068862915,0.06659137457609177,17.423632753594852,31.60696640886833
510,-0.20960795879364014,-0.000531599682290107,22.542641788221488,35.98076506233244
511,-0.2984398603439331,0.4333658218383789,18.11873986559853,31.61429044045208
512,-0.08512890338897705,0.1351511925458908,17.416119307524973,30.907443544893695
513,-0.3205071985721588,0.4403492510318756,19.017124422951245,32.00089185715804
514,-0.22475075721740723,-0.08427482843399048,20.540306219987414,34.676273621097934
515,-0.3560115098953247,0.5224390029907227,19.923796434732385,31.407760051175828
516,-0.23722678422927856,0.035578321665525436,19.947086534586376,33.32369006204235
517,-0.23439642786979675,0.4918861389160156,15.617332129265758,28.28100503932
518,-0.3300071954727173,-0.2757740914821625,18.25628586787987,30.343356695491213
519,-0.25526607036590576,0.44350582361221313,16.95922731238997,30.25714894748802
520,-0.30487245321273804,0.05895395204424858,18.12015976614602,31.980747503720472
521,-0.1322428584098816,-0.09811417013406754,14.929142287593093,28.25077944847277
522,-0.2126084417104721,0.10190947353839874,19.719323901759285,32.24260208815283
523,-0.1575143039226532,0.008814485743641853,17.642685505722866,29.809950150621933
524,-0.11685195565223694,0.293605774641037,19.1860750949895,32.77484370370431
525,-0.22192804515361786,0.34630638360977173,18.86155583495252,31.85326232587143
526,-0.187870591878891,0.03172474354505539,17.910894279776414,31.2506737391069
527,-0.2409980595111847,-0.332540363073349,17.210800782948507,30.16370395410211
528,-0.39136576652526855,0.32092371582984924,17.699969066358108,31.17836594739404
529,-0.10253220796585083,-0.08474966883659363,17.70850344598393,30.488421807799945
530,-0.3388146162033081,0.28719377517700195,17.953759219448706,30.389489680701338
531,-0.3350164294242859,-0.29944220185279846,18.57180600102674,31.54229380190055
532,-0.2802356481552124,-0.2070150375366211,15.587364936236654,28.30481822506288
533,-0.24673287570476532,-0.1890396922826767,18.527003584869313,32.58498220212878
534,-0.23277005553245544,-0.10991694778203964,16.01819529628673,28.702702474310147
535,-0.2589527368545532,0.15116892755031586,17.57947768936647,29.714162510317358
536,-0.2736402153968811,-0.19166767597198486,16.812393232311052,28.99509334876612
537,-0.2530704140663147,0.4040885865688324,16.975305870696758,29.603000147372995
538,-0.2801099121570587,0.4360487163066864,18.134965901850027,29.570233033857487
539,-0.2667553722858429,0.3867916762828827,16.09352185753923,27.713008931025698
540,-0.3531995415687561,0.31516942381858826,17.72075389071253,30.06701101787521
541,-0.11505928635597229,0.12485748529434204,13.969226426083884,26.218001744411026
542,-0.2669273316860199,0.40500983595848083,18.13181864533067,30.404145551305927
543,-0.26066601276397705,0.49157485365867615,17.490723228657796,30.424099732390193
544,-0.19014523923397064,0.30159997940063477,17.21228215187211,28.595395144880435
545,-0.24027661979198456,0.2492937296628952,16.098720245622513,27.301892279657327
546,-0.30315297842025757,0.3956544101238251,16.95597563891173,29.17460566572396
547,-0.28878822922706604,0.4895748198032379,16.890198441687954,29.77885232667816
548,-0.1607358753681183,-0.11269330978393555,16.61180655694555,28.373890429222794
549,-0.2845662534236908,0.3877227008342743,15.883566725601684,28.793348677891412
550,-0.22404713928699493,0.055196989327669144,16.34995415129459,27.357382152635115
551,-0.34227126836776733,0.14432622492313385,14.877947242459648,25.247591149296067
552,-0.25830531120300293,0.43665918707847595,16.61276197123036,28.544495301114683
553,-0.3140415549278259,0.3372592329978943,17.598991801668777,28.690470142521477
554,-0.2590043842792511,-0.10025104135274887,16.22005540912761,27.82016591947848
555,-0.27532246708869934,-0.04691782221198082,17.519331599240314,29.161228629760146
556,-0.4500717222690582,-0.12718617916107178,15.232377403394443,26.518533976228042
557,-0.26961371302604675,0.14959082007408142,14.055157661861326,24.964621092449853
558,-0.23245729506015778,0.09152135998010635,15.149452767222806,25.70066993533915
559,-0.13149219751358032,0.0460757315158844,15.168356240848476,25.8546908361807
560,-0.10798761248588562,0.16300971806049347,14.013619557147523,24.791583943005218
561,-0.310549795627594,0.05241335555911064,16.459508235712622,26.77318252515824
562,-0.2900596261024475,0.3534020483493805,13.357667270790369,24.77560991429161
563,-0.20505531132221222,-0.1980099380016327,13.002269079612507,24.237985406888704
564,-0.2992161214351654,-0.18113069236278534,15.63461845925993,26.432271215447017
565,-0.28852328658103943,-0.17628227174282074,11.824697619416346,22.402512259426896
566,-0.3870811462402344,-0.00919295009225607,14.843121754937334,26.01001369663528
567,-0.2635379135608673,-0.048857808113098145,14.661815134213672,25.2207112599984
568,-0.23697346448898315,0.42539986968040466,14.355830929278751,25.266851703495014
569,-0.3005467653274536,-0.0775594413280487,15.352915688224979,25.949011791092058
570,-0.19326601922512054,0.3264184892177582,14.315258287763829,25.064670653112657
571,-0.2774565517902374,-0.12786555290222168,15.451867675844099,26.52450089193468
572,-0.2784077525138855,-0.08059573173522949,11.89616002504596,23.191753621193175
573,-0.2190997153520584,-0.12791398167610168,13.361248590747595,24.175666727765268
574,-0.24070948362350464,-0.16523288190364838,14.794683928918419,24.857894111676263
575,-0.14532503485679626,0.31143835186958313,14.470862626719244,25.30040739642507
576,-0.32456284761428833,-0.13795240223407745,14.78079239502743,25.424510068500588
577,-0.3665981590747833,0.2449004203081131,14.696638822019448,25.79584832168447
578,-0.15505903959274292,-0.1600155085325241,13.862531917032515,24.992997385624165
579,-0.19492565095424652,-0.18841294944286346,13.7916731715875,24.125519391759287
580,-0.433232843875885,-0.05214516445994377,12.660646887930064,23.34528643087395
581,-0.23922112584114075,-0.17046436667442322,12.98593938044742,23.66900830461474
582,-0.3109433650970459,-0.16449947655200958,13.615006529700317,24.736610631884265
583,-0.27064427733421326,-0.2304457724094391,14.920404045040359,24.1023308308764
584,-0.3314005434513092,0.45807668566703796,11.926052160343865,21.45206064176496
585,-0.3610094487667084,-0.2738780677318573,16.920632184279025,26.947680572290242
586,-0.2560099959373474,0.257371723651886,14.350149040567235,25.182808610585383
587,-0.3241683542728424,-0.268329918384552,11.7306512808189,22.519669126194284
588,-0.31433260440826416,0.41145220398902893,14.97062417045579,26.04667696322748
589,-0.17032670974731445,-0.09913166612386703,14.221953785514913,25.0326971627062
590,-0.3183530867099762,0.37692779302597046,13.850470273939608,23.740871720810798
591,-0.40211164951324463,0.44820261001586914,11.834538031830775,21.99059040877561
592,-0.28345751762390137,0.35797834396362305,15.44619836498492,26.175706494804256
593,-0.2416350543498993,0.12091176956892014,12.882389916373725,23.129605722555134
594,-0.29835739731788635,0.1481757014989853,12.453328984858764,23.06300385759201
595,-0.4127562642097473,-0.2835118770599365,13.030103692981733,22.23905945075315
596,-0.16417518258094788,-0.07323303818702698,12.358784538701212,22.882497875306886
597,-0.12599632143974304,0.08501631766557693,13.070237483773939,23.255691291290834
598,-0.272443026304245,-0.060151804238557816,12.881206344271972,22.649533860928138
599,-0.3449527621269226,-0.03115275874733925,12.249647661150563,21.649764686416752
600,-0.2337389588356018,0.14316537976264954,15.272039722332565,24.841467713942006
601,-0.08413815498352051,-0.1380641907453537,11.909552222052568,22.243740431214803
602,-0.23412808775901794,0.1690676510334015,13.75075154781431,23.376548268512803
603,-0.1790614128112793,0.11773669719696045,12.178957184083362,21.616371810129422
604,-0.1845625340938568,-0.2539658546447754,13.296364443592772,23.332941170003078
605,-0.20795784890651703,0.46355196833610535,11.05975881663872,20.128500379134262
606,-0.18986496329307556,0.4172761142253876,11.2727245221503,20.785331239753898
607,-0.16627788543701172,-0.24006855487823486,13.485888357854584,23.763835031938335
608,-0.5742563605308533,0.3246455192565918,14.130067695977498,23.590822136023498
609,-0.30994245409965515,0.21912656724452972,12.629361984463815,22.115424217785474
610,-0.10673391819000244,0.10953640937805176,13.323736112922498,22.615948643111583
611,-0.26021766662597656,0.3333573043346405,11.37573636559877,21.293651791799206
612,-0.31600815057754517,0.2570784091949463,13.155491723593368,22.700113573358465
613,-0.14909031987190247,-0.2765669524669647,11.667679689072491,20.655223591882052
614,-0.14198516309261322,0.16721881926059723,11.136176871271033,19.402294679420347
615,-0.22081169486045837,0.4457978904247284,13.987200072002818,22.624728898463335
616,-0.3695308566093445,0.3907475173473358,13.576980392278617,22.92191194984277
617,-0.3091716766357422,0.15477758646011353,12.043900524824396,21.236116206878282
618,-0.24132946133613586,0.17595434188842773,12.950275934970351,22.480802961783766
619,-0.026792794466018677,0.3435489535331726,13.313128186406788,23.09910751421234
620,-0.1888405978679657,-0.0544792003929615,11.190646320930044,19.598764111979346
621,-0.2526913285255432,0.42899414896965027,11.753494742139774,20.3317944761441
622,-0.24559134244918823,0.34616392850875854,10.87780941098493,19.617666908748784
623,-0.21104329824447632,-0.19356247782707214,11.17186763726597,20.244764215931546
624,-0.24572405219078064,0.259575217962265,11.005936323495865,19.980860257171393
625,-0.23693528771400452,0.31972604990005493,11.091598870040183,19.497355806519934
626,-0.26865774393081665,0.4889439642429352,12.9334316220224,21.71396816335204
627,-0.31607988476753235,-0.12330526113510132,10.87003099426631,19.937381506824714
628,-0.2659258544445038,0.1332680732011795,12.310372103691265,20.849395071178574
629,-0.2213783711194992,-0.08145294338464737,10.70656376092101,20.19141871715684
630,-0.3073093891143799,0.4355235993862152,12.166288370952126,21.442714908723573
631,-0.3142164945602417,0.4078201353549957,12.873087813395099,22.016259300229873
632,-0.29483941197395325,0.4665512144565582,12.995077648036656,21.55565245194066
633,-0.3028950095176697,0.3955569267272949,12.978301060611292,22.02816769255958
634,-0.23629727959632874,0.017265422269701958,11.020352863811876,20.198440976665616
635,-0.24370990693569183,-0.26234951615333557,11.719162405345736,20.922563683056506
636,-0.2565452456474304,-0.17243006825447083,11.752736032157607,21.409431343767796
637,-0.24505475163459778,-0.16838783025741577,12.483389608280444,21.114471509776358
638,-0.31812620162963867,0.37744230031967163,10.69696728178131,19.605131601648306
639,-0.3085401654243469,-0.2922344207763672,12.008209079815089,20.58860477341894
640,-0.2634766101837158,-0.2546845078468323,11.716339771594068,20.490510748126702
641,-0.23244236409664154,0.013604703359305859,11.964727426534363,21.09558791372009
642,-0.41356003284454346,-0.09742783010005951,11.479950877394792,20.602668757535227
643,-0.31165462732315063,0.41640186309814453,11.295994687401056,20.47829419320119
644,-0.13060817122459412,0.3749484419822693,11.692137540761898,20.20986306552685
645,-0.20084816217422485,-0.08017317205667496,12.479815060732045,20.126819714726828
646,-0.17102620005607605,0.36387476325035095,11.429474818052965,20.470298010418446
647,-0.2154916226863861,0.3810592591762543,12.636400561804354,20.71643030681228
648,-0.23141829669475555,0.3057805001735687,11.306874549744306,20.581940538049043
649,-0.26136311888694763,0.08992310613393784,12.499310047513426,20.62649749272445
650,-0.2396821230649948,0.19417881965637207,11.445681438457322,19.463657651528063
651,-0.2831636071205139,0.46176037192344666,10.045244725467155,18.255211542709848
652,-0.18409909307956696,0.221347376704216,11.59741666168577,19.237396934386577
653,-0.25843390822410583,0.1615752875804901,10.824933782744262,20.170555819336943
654,-0.2771899104118347,0.21662871539592743,12.462022726034307,20.306024175481017
655,-0.22694526612758636,0.13438107073307037,10.352378729720925,19.310947473973485
656,-0.2141313999891281,0.18255794048309326,11.766794470364388,20.466587849388876
657,-0.36959928274154663,0.4279952943325043,10.9347547358388,19.704873759063748
658,-0.12941914796829224,0.41718268394470215,11.283225314167128,19.78841966832846
659,-0.26880621910095215,-0.16426020860671997,9.612138036383561,18.085864715342073
660,-0.17468684911727905,-0.08325164765119553,10.432836258519144,19.06358535216414
661,-0.2816743552684784,0.4560362994670868,11.457007355851935,19.945149317819173
662,-0.18334873020648956,-0.0027133270632475615,10.781844196285054,19.26454191479602
663,-0.2683655619621277,0.330237478017807,10.90583065542634,19.22852339670154
664,-0.1454342007637024,-0.029167134314775467,11.075771138751328,19.471951531286123
665,-0.22607269883155823,0.45301389694213867,10.56283881758634,18.085850297856798
666,-0.26084262132644653,0.421650230884552,9.849052661593864,17.20182499693491
667,-0.19500732421875,-0.15658627450466156,10.423832192625975,18.497727358862214
668,-0.2646542489528656,0.01045608427375555,10.736239530250245,17.874829473555202
669,-0.21783727407455444,0.10478007793426514,10.092876055571224,18.067068184957456
670,-0.23658788204193115,0.05462360009551048,10.48012959577592,17.921971734259266
671,-0.2123468816280365,0.24251769483089447,10.305634826213415,17.617316731156084
672,-0.215880885720253,0.3850533664226532,10.015796365926326,17.98527252692543
673,-0.2262328863143921,0.18443500995635986,10.091710891604672,18.35526274699566
674,-0.1925152689218521,0.35958215594291687,11.717877292938528,20.185468817033176
675,-0.22655899822711945,-0.1453169733285904,10.500754182212804,19.212226394884926
676,-0.16820678114891052,0.2818554937839508,10.653556759191439,18.54699634871351
677,-0.2163294106721878,0.30005761981010437,9.609666960611532,17.60093860458388
678,-0.15378901362419128,0.08968973904848099,11.214442522279123,19.100408411909083
679,-0.31889981031417847,0.07278379797935486,9.374868738712502,16.71796094004993
680,-0.319836288690567,0.03582070395350456,8.967538501407509,16.92097895553609
681,-0.19242790341377258,-0.18874050676822662,11.720862433552378,19.58738966868634
682,-0.20981568098068237,0.4742654860019684,9.77263823487252,18.045589894780985
683,-0.20868778228759766,0.1539040058851242,10.426548784302943,18.422001558767516
684,-0.26078295707702637,0.3568110167980194,10.346404632145264,18.893562947036592
685,-0.34052228927612305,0.3733007609844208,10.90659957165533,18.990120605967732
686,-0.1998106688261032,0.24210181832313538,10.035049709354952,17.0885404331471
687,-0.2397642731666565,0.3366650938987732,9.827096569628363,17.79226952252118
688,-0.238779678940773,0.02751287817955017,9.373477701533707,16.883151004719622
689,-0.1565212905406952,0.22648747265338898,10.546544675325256,18.314663830008122
690,-0.29134318232536316,0.4122818112373352,9.106279877841482,17.12967636109852
691,-0.26532742381095886,-0.3132799565792084,9.362785883854595,17.016032897953384
692,-0.1774999052286148,0.34630832076072693,9.185290713471638,16.98456378062577
693,-0.23501047492027283,-0.22360698878765106,10.078267625143361,17.531233492325256
694,-0.18392696976661682,0.30077511072158813,8.041155787270736,15.28644146897869
695,-0.1319482922554016,0.03486247733235359,8.820316930754297,15.88445077622365
696,-0.38554078340530396,0.11472606658935547,8.991557714703495,16.251201664734744
697,-0.2720605432987213,0.4833777844905853,10.083137248470777,17.995158899171184
698,-0.32581621408462524,0.017433470115065575,9.69990151205981,16.975422457121756
699,-0.1462709754705429,0.20406131446361542,9.362599591548582,16.39140744014456
700,-0.13754865527153015,0.05137118324637413,9.90822772013073,16.9442592806244
701,-0.2885269224643707,0.3714725971221924,8.996268420821064,16.856372401290987
702,-0.29293888807296753,0.36760494112968445,8.681664974264578,15.262279297004051
703,-0.26757514476776123,-0.26330843567848206,7.724345469624176,14.426792162457822
704,-0.27890798449516296,0.25662586092948914,9.45381200603447,16.14430256848659
705,-0.2722008526325226,0.09152229875326157,8.342935950866458,16.000023063194178
706,-0.3077414035797119,0.05796116217970848,9.40240768621471,16.34237891943236
707,-0.18685971200466156,-0.20984700322151184,9.379157753596271,16.892589070672013
708,-0.1439831554889679,0.3334279954433441,10.121736035232658,17.26298274158863
709,-0.15367412567138672,0.1840369552373886,9.695873439238863,16.91728389487419
710,-0.270102322101593,-0.1809924691915512,7.788950154234052,15.110559749468422
711,-0.16685651242733002,-0.006226029247045517,8.772387543719631,15.729385668158736
712,-0.12183877825737,0.3291451036930084,9.176082684034885,15.756577302563127
713,-0.2933403253555298,-0.1996622383594513,9.693741951717335,16.426724895468972
714,-0.19220000505447388,-0.1130913719534874,7.4051383975860094,14.56209443506838
715,-0.27725934982299805,-0.11937489360570908,9.443279646694698,16.473089090935012
716,-0.1633065640926361,0.3330610692501068,9.22274934228048,16.076348457390086
717,-0.3357393443584442,0.4502876400947571,8.427166844915764,15.720318992838415
718,-0.07241281867027283,0.28939446806907654,8.582396811242697,15.128393640238277
719,-0.2904775142669678,-0.10657844692468643,7.528829897002503,14.722237664483277
720,-0.16625744104385376,0.2807006537914276,8.20021740166273,14.886411688233435
721,-0.26776576042175293,-0.19450756907463074,7.827948392219877,14.500043152150045
722,-0.24082452058792114,-0.04395197331905365,8.225310715531181,14.726793020524411
723,-0.297090619802475,-0.03307505324482918,8.681111333592831,15.319139760310698
724,-0.21288171410560608,-0.2483571618795395,8.162041388361583,15.096418192321686
725,-0.2861941158771515,-0.17862986028194427,7.573344055382363,14.587310263344722
726,-0.3223891854286194,-0.043536946177482605,8.694140761737835,15.892505916444644
727,-0.2035505175590515,-0.0998099222779274,7.418431651922543,14.898837811422991
728,-0.3106335699558258,0.05430692434310913,8.733138380525425,15.94142308299088
729,-0.28444233536720276,-0.41874152421951294,7.660508069921241,14.890644660266698
730,-0.30937284231185913,0.21463637053966522,8.583190238771552,15.794833582677024
731,-0.09798675775527954,-0.0023290948010981083,7.752783474154876,14.296492517558555
732,-0.19417794048786163,0.08273418992757797,7.760728842376739,14.50712339017244
733,-0.25857627391815186,-0.24630165100097656,8.506560118346357,15.217211205830706
734,-0.24098697304725647,-0.0019540288485586643,8.053143635867084,14.670155994638648
735,-0.25128650665283203,-0.026087885722517967,8.219687438252617,15.54871641300684
736,-0.22877955436706543,-0.04824488237500191,7.970710736500677,14.973428992136395
737,-0.23093503713607788,0.17772872745990753,8.439605923320556,15.770186025079063
738,-0.3418581783771515,0.08913423120975494,7.094482947971217,13.80388561890529
739,-0.23457413911819458,-0.2031099796295166,7.418858666750179,14.104728758893655
740,-0.22605176270008087,-0.10005880892276764,6.478440861443006,12.495325880143978
741,-0.22781231999397278,0.42576032876968384,7.692320091372129,14.148552682303006
742,-0.24030369520187378,0.26717954874038696,7.1118914715327755,13.175319184856777
743,-0.20100781321525574,0.3417525291442871,6.898938714630613,13.057554305671314
744,-0.24232172966003418,-0.17409265041351318,7.454472281875405,13.803839994862628
745,-0.3327087163925171,0.206796795129776,7.47066330083298,13.980636267096155
746,-0.1013038158416748,-0.03320213779807091,7.8881853004398375,14.307524276462358
747,-0.26672783493995667,-0.18385139107704163,7.9238086832412025,14.33849911327726
748,-0.3070489168167114,-0.2990760803222656,8.077538229436634,14.9534435628682
749,-0.27426677942276,0.06613638252019882,7.772787578445657,14.898936533087685
750,-0.03760143369436264,0.17040307819843292,7.422227229285726,14.444050429137919
751,-0.28811055421829224,-0.27132678031921387,7.630450920470185,14.73660509404436
752,-0.181189626455307,0.28384923934936523,6.727609078237097,12.800523036005142
753,-0.2006685882806778,-0.2084147036075592,6.85877437219834,12.896310317697019
754,-0.2200620025396347,0.07084782421588898,6.443555361676375,12.892024031789585
755,-0.20284268260002136,0.22853641211986542,7.754516325064991,14.36946600306436
756,-0.20625008642673492,-0.06357388943433762,7.799040600059644,14.299393010159939
757,-0.11447861790657043,-0.02619459107518196,7.221357001962024,13.524569740037409
758,-0.14570856094360352,0.08080776780843735,6.839357940518132,13.22089552280766
759,-0.2481781244277954,-0.009358867071568966,6.699481226206581,13.200727846039246
760,-0.13437990844249725,0.008879845030605793,7.548633961822175,13.397547462728857
761,-0.3722276985645294,0.28633615374565125,6.730214116334928,12.905043613303365
762,-0.26457053422927856,-0.1456696093082428,6.930675817063514,13.305717221432971
763,-0.22929339110851288,0.26112744212150574,6.581461539156753,12.993381807635496
764,-0.2863599359989166,0.10273722559213638,7.043719119382426,13.070152745709203
765,-0.27891454100608826,0.36452803015708923,7.482532870302214,13.810512018144577
766,-0.23975424468517303,-0.03596096485853195,7.401084079732961,14.412791843048966
767,-0.2380918711423874,0.21537840366363525,7.893618864074929,14.375342208081388
768,-0.29436326026916504,0.22572217881679535,7.418345786912712,13.889810138539458
769,-0.275305837392807,-0.24859867990016937,8.193803246204961,14.44206463247689
770,-0.2341841608285904,0.3310103118419647,7.485410609005363,14.512643618770626
771,-0.13311180472373962,0.17775772511959076,7.765068751534385,14.584658458834227
772,-0.2303842455148697,0.3438759446144104,6.899523169155278,13.450439784201786
773,-0.2840445041656494,0.4553890824317932,6.794817847952192,13.660389770454358
774,-0.1602204591035843,-0.09795928746461868,7.130451321261436,13.126179600065873
775,-0.17819322645664215,0.36993977427482605,7.41347207674543,13.416214540005429
776,-0.2912590205669403,0.19054953753948212,6.5788332508717415,12.597157879257374
777,-0.18732436001300812,-0.08175601065158844,7.2596435544174724,13.327829223287187
778,-0.1206841766834259,0.09620717167854309,6.58352022691453,13.1871259146095
779,-0.32991454005241394,-0.10447501391172409,7.407940146928069,13.870660806616065
780,-0.09858910739421844,0.15628120303153992,7.242317005514992,13.4358546138332
781,-0.31962886452674866,0.40283289551734924,6.79306593004969,12.889996149352754
782,-0.36241254210472107,-0.005246093031018972,5.518762216721242,11.25915384230437
783,-0.2805125117301941,0.4206899106502533,6.475232311219638,12.294530084073939
784,-0.18088026344776154,0.316192626953125,5.96816966778388,12.080957187758397
785,-0.27532920241355896,0.3603004813194275,5.587678077048648,11.421091740300986
786,-0.13246271014213562,0.03386794403195381,6.539494594369274,12.376225741878628
787,-0.27041611075401306,0.3090948760509491,5.450864360070269,11.606836067627219
788,-0.32327085733413696,0.4505036771297455,5.592774974725854,11.1699945099986
789,-0.2493807077407837,0.035320963710546494,5.529738927110872,10.742487744089756
790,-0.22662094235420227,-0.2537040710449219,5.308988939847814,10.831712189412857
791,-0.16833814978599548,0.2774627208709717,5.465948880110887,10.877487735511766
792,-0.24098962545394897,-0.11666025221347809,5.310416044419983,10.66380847371458
793,-0.1907319575548172,-0.14897863566875458,5.785201171405073,11.23453509154032
794,-0.3495618402957916,0.367563933134079,5.820808302741753,11.429808880701415
795,-0.19307853281497955,-0.015128152444958687,5.462053564246753,10.930160951941527
796,-0.2816367745399475,0.07912363111972809,5.335997904135988,11.12918960770992
797,-0.05087997764348984,-0.03811399266123772,5.639786156549875,11.006652454311427
798,-0.26487594842910767,-0.03835443779826164,5.595662850997254,11.133241596328048
799,-0.15145522356033325,-0.05616205930709839,5.551783730098585,11.012073806481236
800,-0.25289374589920044,-0.3717324435710907,5.589357710520001,11.175394635077224
801,-0.15406087040901184,0.20521984994411469,6.362443907651155,11.919963244384038
802,-0.2826556861400604,0.1496788114309311,5.568517549050353,11.237696630929747
803,-0.41611725091934204,-0.10051526129245758,5.562178252143077,11.311853881782431
804,-0.17124146223068237,0.03074556030333042,5.482261922160415,10.695762608502406
805,-0.2572183907032013,-0.041511911898851395,5.473287429692133,11.041129944324378
806,-0.2340429723262787,-0.20775149762630463,6.190204848179542,11.629206802190136
807,-0.24229711294174194,-0.01941034570336342,5.646901122549631,11.909395568100397
808,-0.08735817670822144,0.06316762417554855,6.049772444698746,11.671361183479645
809,-0.19648128747940063,0.07085573673248291,5.7869017135181515,11.749006852977194
810,-0.1626387983560562,0.13918204605579376,5.001209875284216,10.274183849041123
811,-0.21968185901641846,-0.3058790862560272,5.952452818359825,11.599349171887454
812,-0.24158650636672974,-0.10743584483861923,5.238286457047255,11.182072289162097
813,-0.2419653832912445,0.05756380781531334,5.936316317740597,11.556209046111018
814,-0.17687645554542542,-0.05154000595211983,5.428001266824924,11.214332009971363
815,-0.2815302908420563,-0.07555120438337326,5.243346997074805,11.095448855923529
816,-0.2175717055797577,0.04697861894965172,5.29603974634712,10.916382192838382
817,-0.28897976875305176,0.17072740197181702,5.419400934812623,11.16469694605381
818,-0.28111621737480164,0.41937193274497986,5.488635754358396,10.838977170260021
819,-0.2794570028781891,0.3661666512489319,4.9969713973313254,10.619583081065201
820,-0.11406257748603821,0.17884580790996552,5.642313941056769,11.254969091059428
821,-0.17233934998512268,0.05835921689867973,5.355304549416264,10.851400499764788
822,-0.1771402359008789,-0.24746623635292053,4.828870172018995,10.236194347835987
823,-0.27849340438842773,-0.13253632187843323,5.356463666486916,10.978178621821142
824,-0.27609479427337646,0.43783101439476013,5.204826848869083,10.776484915395805
825,-0.31499356031417847,0.46226030588150024,4.891575122875468,10.8660208898926
826,-0.26233991980552673,-0.13035403192043304,5.164539236524044,10.96055750992599
827,-0.2934398651123047,-0.25320324301719666,5.328975905186372,10.74657455558233
828,-0.18434840440750122,0.043814267963171005,4.768639675807781,10.26154787333887
829,-0.17755752801895142,0.33707162737846375,4.219114578854009,9.920700689428426
830,-0.1589473932981491,0.10547914355993271,4.555241481086542,9.919994707204639
831,-0.4163803458213806,0.2645149827003479,4.129228513777845,9.469653280199855
832,-0.22511985898017883,0.37071672081947327,4.5235709822545624,9.89925886684455
833,-0.3530051112174988,0.44509944319725037,4.370447060916596,9.73235788960525
834,-0.28626635670661926,-0.06315535306930542,4.405820722548534,9.393157305312863
835,-0.17834755778312683,0.34588465094566345,4.648571874470721,10.297986382348796
836,-0.21901699900627136,-0.04587354138493538,4.701807913385174,10.203841000555022
837,-0.1681145280599594,0.1515296846628189,4.534375614886687,9.715730263198092
838,-0.22597745060920715,-0.021836210042238235,4.164657358548577,9.762167496890205
839,-0.22921134531497955,0.09121181070804596,4.529278990468378,9.523023876627429
840,-0.2658204138278961,-0.03174659609794617,4.1861000078853134,9.51848122371164
841,-0.17286449670791626,0.1857873648405075,4.428659035423036,10.031251065393572
842,-0.255858451128006,0.2532283365726471,4.2655853345526715,9.97462722094086
843,-0.20377857983112335,-0.04207071289420128,4.969224303656441,10.482031007762286
844,-0.2895563840866089,0.380170613527298,4.288180706813315,10.08962383055471
845,-0.20643436908721924,0.3976458013057709,4.6262750894631415,10.424275136991744
846,-0.24734482169151306,-0.18927642703056335,4.498909124565338,10.264104017714512
847,-0.3807530403137207,0.2942716181278229,4.115547897671938,9.613290774743996
848,-0.3170316219329834,-0.19031305611133575,4.176905561457586,9.76026379877915
849,-0.17063486576080322,-0.17140454053878784,4.168473184401717,9.789641586012579
850,-0.1834687441587448,0.11377662420272827,4.291184211932943,9.891180758172991
851,-0.22284871339797974,0.4426673948764801,3.879646204743077,9.686890311992354
852,-0.23331843316555023,0.39125165343284607,4.10345449390595,9.456666156304046
853,-0.2103748619556427,-0.0902126282453537,3.685411230963063,9.083547760220284
854,-0.19630461931228638,-0.0886542946100235,3.488774276800064,8.677742246177798
855,-0.24708741903305054,0.3522143065929413,3.694793487668176,9.043635766644641
856,-0.27751773595809937,0.301237016916275,3.22064686107823,8.820050767786375
857,-0.2106384038925171,-0.16564491391181946,3.9500441878375736,9.169258167610982
858,-0.31267714500427246,-0.14795148372650146,3.6000686391068903,9.096641757716757
859,-0.31234729290008545,-0.0005287870881147683,3.5978963260390406,9.045296926681297
860,-0.1694224625825882,-0.10194244235754013,3.359545568148057,8.964268951880765
861,-0.10807524621486664,0.208438441157341,3.5725906173906146,9.03783811192672
862,-0.31477636098861694,-0.02426164038479328,3.336036195592093,8.964385830643067
863,-0.22396516799926758,0.32017043232917786,3.556381473902705,8.912203029898068
864,-0.36312592029571533,0.33440884947776794,3.7126237894421896,8.832807710861559
865,-0.1314878761768341,0.2193707525730133,3.431818050560986,8.871737796570693
866,-0.3283139169216156,-0.28439435362815857,3.3015429086726855,8.960088858457297
867,-0.15349915623664856,-0.12774331867694855,3.194195764202535,8.768100075333404
868,-0.20583871006965637,-0.1359412968158722,3.2816085632173477,9.244749153574014
869,-0.26627376675605774,0.3419821560382843,3.579432325438645,9.323870837814702
870,-0.2690286636352539,0.2300221472978592,3.2745244491701975,9.439378657376032
871,-0.3896051347255707,0.35416677594184875,3.282176957421325,9.119073884557622
872,-0.22065885365009308,0.3993833065032959,2.955915126605474,8.831072492077213
873,-0.285659521818161,-0.16514022648334503,3.1403644809213787,8.982881552420634
874,-0.37853503227233887,0.37907952070236206,3.1979291663319223,9.365131919763032
875,-0.24226656556129456,-0.2547604739665985,3.1480783253718485,9.320573266929392
876,-0.28683674335479736,0.13029225170612335,3.2632163901879,9.241167476172109
877,-0.2729058861732483,0.13580942153930664,3.4842884596965615,9.481334415178544
878,-0.33751368522644043,-0.22094355523586273,3.0066327759824807,8.989299914306915
879,-0.31642642617225647,0.43252015113830566,2.9582629469630426,9.008904513441015
880,-0.14597128331661224,0.2767408490180969,3.1717748609388283,9.23511760684481
881,-0.24019889533519745,-0.029001086950302124,2.906267506148867,9.353959030025552
882,-0.18087945878505707,-0.19407975673675537,3.2272024325787436,9.389650463333322
883,-0.23961220681667328,-0.22384023666381836,3.157807627351779,9.506505214269641
884,-0.29475682973861694,-0.025418579578399658,2.938252743482332,9.561215320794988
885,-0.23078732192516327,-0.12798558175563812,2.901609381120824,9.573158291589058
886,-0.35156458616256714,-0.20434466004371643,3.1958371492683892,9.459007590267284
887,-0.19476550817489624,-0.22386519610881805,3.182473158732726,9.566366329664131
888,-0.267705500125885,-0.03205336257815361,2.9426500515519005,9.6223838063587
889,-0.31601691246032715,-0.23828652501106262,2.8615125767326424,9.375512111827211
890,-0.2113034725189209,-0.0009497217833995819,2.735192014516703,9.223422073538016
891,-0.21777945756912231,0.14816032350063324,2.794987813981764,9.395853175684223
892,-0.21715430915355682,0.4083242416381836,2.748346024515657,9.276514171930588
893,-0.31566116213798523,0.42458754777908325,2.7798670772286798,9.033154336830057
894,-0.2514932453632355,-0.08589682728052139,2.730110984629745,9.511801284689552
895,-0.2521056830883026,0.347207635641098,2.580771576790991,9.372596030422931
896,-0.15183326601982117,-0.12782742083072662,2.606512804711223,8.671578831885567
897,-0.25673529505729675,0.08907020092010498,2.6531219106969117,8.987369750193636
898,-0.27764588594436646,0.4121178686618805,2.544468051681993,9.164763624402427
899,-0.31197765469551086,-0.16843043267726898,2.409893324731543,9.040475838680862
900,-0.2925741970539093,0.3356630504131317,2.6159708338141727,9.267130570802026
901,-0.20935101807117462,-0.11244137585163116,2.551924660344769,8.846250817758895
902,-0.19581478834152222,0.13912665843963623,2.33938469864582,8.85630459332228
903,-0.18756453692913055,0.2643500566482544,2.384136581075492,8.819792667049326
904,-0.1804812252521515,-0.09484304487705231,2.4821019629630467,8.773670396522101
905,-0.1825667768716812,0.274676650762558,2.3658161460104163,9.03075100341651
906,-0.28463858366012573,-0.26546597480773926,2.368685149927507,8.639324483709602
907,-0.2347821593284607,-0.14804036915302277,2.300576252796401,8.949094669373249
908,-0.16996382176876068,0.36739984154701233,2.3113429189000954,8.604700223144834
909,-0.2609698176383972,-0.3036016821861267,2.191233361399492,8.766206256013568
910,-0.19255810976028442,0.09241466969251633,2.3561396644255943,8.789612898066121
911,-0.14981476962566376,-0.017841337248682976,2.149605954097211,8.522761484122356
912,-0.18296772241592407,0.2510690689086914,2.2194886209361435,8.690610881558328
913,-0.27117064595222473,0.3366449773311615,2.2068530802842017,8.631693590298594
914,-0.23135603964328766,-0.004083268344402313,2.1877220329833778,8.557717697406579
915,-0.1891353279352188,0.01779903843998909,2.2400112242947015,8.690011113065022
916,-0.25285378098487854,-0.12164678424596786,2.175383210424641,8.660081990754117
917,-0.07644122838973999,0.3551340103149414,2.2301969445829375,9.250960389135145
918,-0.23770853877067566,-0.18793939054012299,2.0119661016662143,9.021091572718033
919,-0.19384519755840302,0.2821308672428131,2.1389125183848696,9.116646652920377
920,-0.15628373622894287,0.012878789566457272,2.1813718685301238,8.697929697113373
921,-0.21201202273368835,-0.014676570892333984,2.019115973216129,8.773204902306468
922,-0.3279183804988861,-0.24760232865810394,2.0968871326106204,8.724648223739198
923,-0.24877843260765076,0.3563941419124603,2.108448018520043,8.885963444480408
924,-0.11716720461845398,0.29036107659339905,1.991914038109048,8.834124081409847
925,-0.3076641857624054,-0.15337012708187103,2.0347329947130706,8.93462610037815
926,-0.37666839361190796,0.43876877427101135,2.0259805330774627,8.696806005227808
927,-0.3297100067138672,0.4558982849121094,1.9585843855860146,8.792014216902297
928,-0.2589370012283325,0.10672565549612045,1.91517956178165,8.664254596660971
929,-0.2254839539527893,0.0575263611972332,1.9428088053746724,8.692921938201044
930,-0.3254900276660919,-0.13921456038951874,1.8283581723815756,8.86679226428128
931,-0.269191712141037,0.3350406587123871,1.9362106506738286,8.911155584116093
932,-0.27852749824523926,0.15191656351089478,1.9578283104633893,8.849999950311387
933,-0.22413629293441772,0.0004701174912042916,1.8960363438236254,9.142014594051417
934,-0.25242504477500916,0.13300906121730804,1.9377640031912382,9.163608513597936
935,-0.17135336995124817,0.011689836159348488,1.9148465414492855,8.962057406300119
936,-0.26457446813583374,0.06270211189985275,1.861585700611536,8.578102084996344
937,-0.25382882356643677,0.41078558564186096,1.9167396953851,9.029701128704188
938,-0.36556077003479004,0.042215485125780106,1.9620592965256747,8.82191704166431
939,-0.2924085259437561,-0.26461705565452576,1.913202873748387,8.89354985548228
940,-0.2829071283340454,-0.3502906858921051,1.8530101285992193,8.759775085855152
941,-0.17510809004306793,0.12836435437202454,1.8317061564796306,8.598223715786625
942,-0.26287057995796204,0.4733600616455078,1.809754973521736,9.193687613317724
943,-0.21658489108085632,0.3520157039165497,1.8873784949613335,9.149351007137
944,-0.21228277683258057,0.1535421907901764,1.7859832499517232,9.045060239682977
945,-0.25189268589019775,0.29793021082878113,1.8425365866406085,9.226707544246825
946,-0.2244141548871994,0.37116485834121704,1.8620735105838675,9.136670684740327
947,-0.2534513473510742,-0.20214031636714935,1.7532093782344464,8.945999096945005
948,-0.27315327525138855,0.451371967792511,1.8662100817216811,9.245396871231994
949,-0.380998432636261,0.28273141384124756,1.8161824433558547,9.026665741849115
950,-0.21645039319992065,0.23621027171611786,1.8194045774422294,9.109084808858157
951,-0.2805921733379364,-0.09701245278120041,1.8506848604567965,9.243658097608936
952,-0.21306046843528748,0.37419137358665466,1.7905732337262994,8.877378815595886
953,-0.21118736267089844,0.3121902644634247,1.916219241717037,8.904972661546719
954,-0.27994489669799805,-0.332431823015213,1.800930343470816,8.799450946907749
955,-0.24291977286338806,0.42336931824684143,1.78042030312985,8.546588792844389
956,-0.21103452146053314,0.13629353046417236,1.8814367866770214,8.464431248923935
957,-0.19583457708358765,0.10393571108579636,1.8576265958932696,8.586785622370531
958,-0.2952417731285095,0.009616680443286896,1.870450965531464,8.596437784671295
959,-0.28081467747688293,0.07324501127004623,1.847026562946589,8.399534213602006
960,-0.12438297271728516,0.19563725590705872,1.782954318876244,8.665538002785661
961,-0.29292523860931396,0.005458361469209194,1.8802513810568446,8.710001107684182
962,-0.2782810926437378,-0.2019212692975998,1.84747156176862,8.541202482313759
963,-0.22371485829353333,0.040689095854759216,1.8556327324052595,8.811471467378832
964,-0.3640095591545105,0.32566624879837036,1.8416503295412923,8.586874923944901
965,-0.13419118523597717,0.02936466597020626,1.877551136666015,8.446595244573977
966,-0.2922404408454895,-0.3568028509616852,1.7553177416100285,8.895088436846743
967,-0.23200568556785583,-0.229911208152771,1.8123692563217249,8.819951561185313
968,-0.2562202513217926,0.25029006600379944,1.8018072072494515,8.770481319470726
969,-0.266223281621933,0.24256567656993866,1.7818067341792065,8.748166352189676
970,-0.3241298198699951,0.10567187517881393,1.7624147717294127,8.59028121818052
971,-0.2350768744945526,-0.17028184235095978,1.749209324266704,8.706496196661526
972,-0.31863388419151306,0.30221620202064514,1.773080427905122,8.875127903212716
973,-0.2617813050746918,0.45677050948143005,1.719316662183452,8.652585726273069
974,-0.20534341037273407,0.03475069999694824,1.7220731733331596,8.776327303069936
975,-0.20010903477668762,0.34960708022117615,1.7380171658744223,8.694157444930207
976,-0.2238239347934723,0.29780706763267517,1.7508176092234022,8.743373671564527
977,-0.22897548973560333,0.2913539409637451,1.8247916486889553,8.957035099067687
978,-0.24038274586200714,-0.26457884907722473,1.6983255056480608,9.012635375587397
979,-0.3309161961078644,-0.26478490233421326,1.6788299135792402,8.866712873417557
980,-0.27783888578414917,-0.02476372756063938,1.6610492748429737,9.09464771040751
981,-0.29252585768699646,-0.03498111665248871,1.699423113926421,8.948765725224565
982,-0.18597367405891418,-0.051904190331697464,1.8307061779469755,8.893541285956589
983,-0.34473511576652527,0.44718509912490845,1.786528573362215,9.141992978482083
984,-0.1739807277917862,0.13572733104228973,1.7239767149932526,9.099293995662563
985,-0.19201314449310303,0.3238137364387512,1.7806934666689869,8.977885093601468
986,-0.307721346616745,0.24687539041042328,1.8425146994443766,9.17933142134626
987,-0.2869694232940674,0.015286698937416077,1.8082100935685919,8.950037764608187
988,-0.2573288679122925,0.3818807601928711,1.7644415853709745,9.135131829402978
989,-0.16519153118133545,0.005624914076179266,1.6997884379966905,9.119809570750611
990,-0.34312617778778076,-0.24636517465114594,1.7472858217368263,9.052991333911617
991,-0.2935888171195984,0.2942395806312561,1.8371527136000043,9.05423300516547
992,-0.2818867266178131,0.39818835258483887,1.8311576740742492,8.613763202912807
993,-0.27777716517448425,-0.11550497263669968,1.690798318343323,8.568277489134331
994,-0.17765919864177704,-0.019842077046632767,1.6603183088823092,8.68035547007338
995,-0.2666065990924835,-0.10996365547180176,1.7755288807116525,8.86951590502017
996,-0.24538059532642365,0.2845934331417084,1.7792921272347175,8.676676611240442
997,-0.23180748522281647,0.04271784797310829,1.7534275473161423,8.492620577033929
998,-0.2678360641002655,-0.3007969260215759,1.7369217455247596,8.596288043576214
999,-0.260694295167923,-0.14731810986995697,1.744626787499733,8.907107792444688
